{
  "type": "Compass Connections",
  "version": {
    "$numberInt": "1"
  },
  "connections": [
    {
      "id": "eb3edf29-cc99-4e2b-b010-132a75d9327c",
      "lastUsed": {
        "$date": {
          "$numberLong": "1760525483144"
        }
      },
      "favorite": {
        "name": "lifelogix"
      },
      "savedConnectionType": "recent",
      "connectionOptions": {
        "connectionString": "mongodb://localhost:27017/",
        "oidc": {
          "serializedState": "eyJvaWRjUGx1Z2luU3RhdGVWZXJzaW9uIjoxLCJzdGF0ZSI6W119"
        }
      }
    }
  ]
}